/files/hits/amul-hits-1968.jpg^Indian skipper retires from tests.-Dec’14^/files/hits/amul-hits-1968.jpg^O Captain, Mahi Captain!^O Captain, Mahi Captain!^[u'Indian skipper retires from tests.-Dec\u201914']
/files/hits/amul-hits-1966.jpg^About Bharat Ratnas.. - Dec.'14^/files/hits/amul-hits-1966.jpg^Atalji Butterly Vajpayee!^Atalji Butterly Vajpayee!^[u"About Bharat Ratnas.. - Dec.'14"]
/files/hits/amul-hits-1967.jpg^Greetings for 2015 from Amul.-Dec’14^/files/hits/amul-hits-1967.jpg^Happy new cheer !^Happy new cheer !^[u'Greetings for 2015 from Amul.-Dec\u201914']
/files/hits/amul-hits-1965.jpg^Bollywood’s new comedy-drama PK –Dec’14^/files/hits/amul-hits-1965.jpg^Don't bhaste it, taste it!^Don't bhaste it, taste it!^[u'Bollywood\u2019s new comedy-drama PK \u2013Dec\u201914']
/files/hits/amul-hits-1963.jpg^Indian cricketers get verbally aggressive with Aussies! - Dec.'14^/files/hits/amul-hits-1963.jpg^What's the chatter with you guys ?^What's the chatter with you guys ?^[u"Indian cricketers get verbally aggressive with Aussies! - Dec.'14"]
/files/hits/amul-hits-1964.jpg^Amul sends everyone Christmas greetings !-Dec’14^/files/hits/amul-hits-1964.jpg^Merry X'masaka !^Merry X'masaka !^[u'Amul sends everyone Christmas greetings !-Dec\u201914']
/files/hits/amul-hits-1962.jpg^RIP - Sweet innocent children of Peshawar - Dec.'14^/files/hits/amul-hits-1962.jpg^Humein khilne do... padhne do... udne do...^Humein khilne do... padhne do... udne do...^[u"RIP - Sweet innocent children of Peshawar - Dec.'14"]
/files/hits/amul-hits-1961.jpg^Latest controversy facing government – Dec’14^/files/hits/amul-hits-1961.jpg^Easy to convert to!^Easy to convert to!^[u'Latest controversy facing government \u2013 Dec\u201914']
/files/hits/amul-hits-1960.jpg^Raising a toast to captain braveheart ! – Dec’14^/files/hits/amul-hits-1960.jpg^Vir proud of you !^Vir proud of you !^[u'Raising a toast to captain braveheart ! \u2013 Dec\u201914']
/files/hits/amul-hits-1959.jpg^Federer in Delhi for IPTL.-Dec'14^/files/hits/amul-hits-1959.jpg^Swiss cheez, Indian maska !^Swiss cheez, Indian maska !^[u"Federer in Delhi for IPTL.-Dec'14"]
/files/hits/amul-hits-1958.jpg^No spicy Indian food for US Prez ! – Dec’14^/files/hits/amul-hits-1958.jpg^Obamasala nahin ?^Obamasala nahin ?^[u'No spicy Indian food for US Prez ! \u2013 Dec\u201914']
/files/hits/amul-hits-1957.jpg^Cabs verification drive to ensure safety of women !.-Dec’14^/files/hits/amul-hits-1957.jpg^KhUberdaar kyo nahin thhe?^KhUberdaar kyo nahin thhe?^[u'Cabs verification drive to ensure safety of women !.-Dec\u201914']
/files/hits/amul-hits-1956.jpg^Arvind Kejriwal flies business class to Dubai! – Dec’14^/files/hits/amul-hits-1956.jpg^Aam aadmi ya OONCHE LOG ?^Aam aadmi ya OONCHE LOG ?^[u'Arvind Kejriwal flies business class to Dubai! \u2013 Dec\u201914']
/files/hits/amul-hits-1955.jpg^New Hollywood release for kids - Dec.'14^/files/hits/amul-hits-1955.jpg^Penguins of Maska !^Penguins of Maska !^[u"New Hollywood release for kids - Dec.'14"]
/files/hits/amul-hits-1954.jpg^Tribute to young Australian batsman.-Dec’14^/files/hits/amul-hits-1954.jpg^Hughes loss to the game....^Hughes loss to the game....^[u'Tribute to young Australian batsman.-Dec\u201914']
/files/hits/amul-hits-1952.jpg^Iconic sci-fi film creates a sensation! – Nov’14^/files/hits/amul-hits-1952.jpg^EAT -A- STELLAR SNACK !^EAT -A- STELLAR SNACK !^[u'Iconic sci-fi film creates a sensation! \u2013 Nov\u201914']
/files/hits/amul-hits-1953.jpg^Controversy over replacing German in the curriculum as third language.^/files/hits/amul-hits-1953.jpg^Sanskriti Irani !^Sanskriti Irani !^[u'Controversy over replacing German in the curriculum as third language.']
/files/hits/amul-hits-1951.jpg^American celebrity cancels plan to enter ‘Big Boss’ house.-Nov’14^/files/hits/amul-hits-1951.jpg^KIM KA DARSHAN NAHIN MILLA ?^KIM KA DARSHAN NAHIN MILLA ?^[u'American celebrity cancels plan to enter \u2018Big Boss\u2019 house.-Nov\u201914']
/files/hits/amul-hits-1950.jpg^Dr. Kurien's birthday, is now National Milk Day^/files/hits/amul-hits-1950.jpg^Happy Milkman of India's Day !^Happy Milkman of India's Day !^[u"Dr. Kurien's birthday, is now National Milk Day"]
/files/hits/amul-hits-1949.jpg^Controversial Godman in custody!^/files/hits/amul-hits-1949.jpg^Sharampal Baba ?^Sharampal Baba ?^[u'Controversial Godman in custody!']
/files/hits/amul-hits-1948.jpg^Controversial ad campaign to increase community ! - Nov.'14^/files/hits/amul-hits-1948.jpg^KHAO PARSi, PiYO PARSi, JiYO PARSi !^KHAO PARSi, PiYO PARSi, JiYO PARSi !^[u"Controversial ad campaign to increase community ! - Nov.'14"]
/files/hits/amul-hits-1947.jpg^Report on IPL match-fixing ! – Nov’14^/files/hits/amul-hits-1947.jpg^Munh khol Mudgal !^Munh khol Mudgal !^[u'Report on IPL match-fixing ! \u2013 Nov\u201914']
/files/hits/amul-hits-1946.jpg^Titanic chess battle ! – Nov’14^/files/hits/amul-hits-1946.jpg^Grandmaska !^Grandmaska !^[u'Titanic chess battle ! \u2013 Nov\u201914']
/files/hits/amul-hits-1945.jpg^Indian batsman’s world record feat! – Nov’14^/files/hits/amul-hits-1945.jpg^SUPEROHIT !^SUPEROHIT !^[u'Indian batsman\u2019s world record feat! \u2013 Nov\u201914']
/files/hits/amul-hits-1944.jpg^Russian President’s gesture creates a buzz! – Nov’14^/files/hits/amul-hits-1944.jpg^YOU SHAWL NOT DO THAT !^YOU SHAWL NOT DO THAT !^[u'Russian President\u2019s gesture creates a buzz! \u2013 Nov\u201914']
/files/hits/amul-hits-1943.jpg^Ongoing campaign against moral policing - Nov.'14^/files/hits/amul-hits-1943.jpg^Kiss power ya uss paar?^Kiss power ya uss paar?^[u"Ongoing campaign against moral policing - Nov.'14"]
/files/hits/amul-hits-1942.jpg^Service provider runs out of steam! – Nov’14^/files/hits/amul-hits-1942.jpg^Loop immobile ?^Loop immobile ?^[u'Service provider runs out of steam! \u2013 Nov\u201914']
/files/hits/amul-hits-1941.jpg^Mid-term jolt for U.S. President ! – Nov’14^/files/hits/amul-hits-1941.jpg^Obama Barracked ?^Obama Barracked ?^[u'Mid-term jolt for U.S. President ! \u2013 Nov\u201914']
/files/hits/amul-hits-1940.jpg^Tribute to one of our most versatile actors - Nov.'14^/files/hits/amul-hits-1940.jpg^Sada Amar...^Sada Amar...^[u"Tribute to one of our most versatile actors - Nov.'14"]
/files/hits/amul-hits-1939.jpg^Halloween gaining popularity in India! – Nov’14^/files/hits/amul-hits-1939.jpg^SANDWITCHES & BUTTERED GHOSTS!^SANDWITCHES & BUTTERED GHOSTS!^[u'Halloween gaining popularity in India! \u2013 Nov\u201914']
/files/hits/amul-hits-1938.jpg^Tendulkar lashes out at former coach in his autobiography ! – Nov’14^/files/hits/amul-hits-1938.jpg^GREG KO CHAPPAL MAARO!^GREG KO CHAPPAL MAARO!^[u'Tendulkar lashes out at former coach in his autobiography ! \u2013 Nov\u201914']
/files/hits/amul-hits-1937.jpg^Mosquito borne fever on the rise ! – Nov’14^/files/hits/amul-hits-1937.jpg^BE CAREFUL! IT'S DENGUEROUS!^BE CAREFUL! IT'S DENGUEROUS!^[u'Mosquito borne fever on the rise ! \u2013 Nov\u201914']
/files/hits/amul-hits-1936.jpg^Maharashtra’s new leader – Oct’14^/files/hits/amul-hits-1936.jpg^FOODNAVIS FOR CM !^FOODNAVIS FOR CM !^[u'Maharashtra\u2019s new leader \u2013 Oct\u201914']
/files/hits/amul-hits-1935.jpg^India has second largest number of women smokers after U.S. - Oct.'14^/files/hits/amul-hits-1935.jpg^Kashish chhodo, koshish karo ....^Kashish chhodo, koshish karo ....^[u"India has second largest number of women smokers after U.S. - Oct.'14"]
/files/hits/amul-hits-1934.jpg^Taj Mauled ?^/files/hits/amul-hits-1934.jpg^Seventh Wonder in danger due to unruly tourists ! – Oct’14^Seventh Wonder in danger due to unruly tourists ! – Oct’14^[u'Taj Mauled ?']
/files/hits/amul-hits-1933.jpg^PM’s Diwali celebrations with jawans ! -Oct’14^/files/hits/amul-hits-1933.jpg^Siachen jahan se achcha !^Siachen jahan se achcha !^[u'PM\u2019s Diwali celebrations with jawans ! -Oct\u201914']
/files/hits/amul-hits-1932.jpg^About undisclosed foreign accounts - Oct'14^/files/hits/amul-hits-1932.jpg^Going black on promises?^Going black on promises?^[u"About undisclosed foreign accounts - Oct'14"]
/files/hits/amul-hits-1931.jpg^BJP's winning streak continues !- Oct'14^/files/hits/amul-hits-1931.jpg^Mahanasta for winners !^Mahanasta for winners !^[u"BJP's winning streak continues !- Oct'14"]
/files/hits/amul-hits-1930.jpg^West Indies ends India tour early over pay dispute – Oct’14^/files/hits/amul-hits-1930.jpg^BRAVO FOR TAKING A STAND !^BRAVO FOR TAKING A STAND !^[u'West Indies ends India tour early over pay dispute \u2013 Oct\u201914']
/files/hits/amul-hits-1929.jpg^PPP chairman threatens India over Kashmir – Oct’14^/files/hits/amul-hits-1929.jpg^BILAWAL PHUTTO !^BILAWAL PHUTTO !^[u'PPP chairman threatens India over Kashmir \u2013 Oct\u201914']
/files/hits/amul-hits-1928.jpg^Will India get more digital post his visit? – Oct’14^/files/hits/amul-hits-1928.jpg^Facebhookh with Amul, Mark !^Facebhookh with Amul, Mark !^[u'Will India get more digital post his visit? \u2013 Oct\u201914']
/files/hits/amul-hits-1926.jpg^Joint Nobel Peace Prize winners ! – Oct’14^/files/hits/amul-hits-1926.jpg^Satyartea aur Maskala !^Satyartea aur Maskala !^[u'Joint Nobel Peace Prize winners ! \u2013 Oct\u201914']
/files/hits/amul-hits-1927.jpg^The exciting new football tournament ! – Oct’14^/files/hits/amul-hits-1927.jpg^Let's Foodbowl !^Let's Foodbowl !^[u'The exciting new football tournament ! \u2013 Oct\u201914']
/files/hits/amul-hits-1925.jpg^Indian hockey team wins gold at Asiad after 16 years! Oct.'14^/files/hits/amul-hits-1925.jpg^Goal medal !^Goal medal !^[u"Indian hockey team wins gold at Asiad after 16 years! Oct.'14"]
/files/hits/amul-hits-1924.jpg^Bollywood film adapted from Shakespeare’s Hamlet –Oct’14^/files/hits/amul-hits-1924.jpg^TRY WITH HAIDER BREAD OR ROTI!^TRY WITH HAIDER BREAD OR ROTI!^[u'Bollywood film adapted from Shakespeare\u2019s Hamlet \u2013Oct\u201914']
/files/hits/amul-hits-1923.jpg^Boxer Sarita Devi’s unfortunate episode.-Oct’14^/files/hits/amul-hits-1923.jpg^Biasian Games !^Biasian Games !^[u'Boxer Sarita Devi\u2019s unfortunate episode.-Oct\u201914']
/files/hits/amul-hits-1922.jpg^Hollywood’s most eligible bachelor ties the knot ! – Oct’14^/files/hits/amul-hits-1922.jpg^Clooney ne promise pe Amal Kiya !^Clooney ne promise pe Amal Kiya !^[u'Hollywood\u2019s most eligible bachelor ties the knot ! \u2013 Oct\u201914']
/files/hits/amul-hits-1921.jpg^P.M. enthralls audience in New York ! – Sept’14^/files/hits/amul-hits-1921.jpg^Modison Square Garden!^Modison Square Garden!^[u'P.M. enthralls audience in New York ! \u2013 Sept\u201914']
/files/hits/amul-hits-1919.jpg^The saga of Maharashtra politics – Sept’14^/files/hits/amul-hits-1919.jpg^Can't share seats? Share eats..^Can't share seats? Share eats..^[u'The saga of Maharashtra politics \u2013 Sept\u201914']
/files/hits/amul-hits-1920.jpg^Jo Baka memes gain popularity in Gujarat – Sept’14^/files/hits/amul-hits-1920.jpg^JO BHI KA !^JO BHI KA !^[u'Jo Baka memes gain popularity in Gujarat \u2013 Sept\u201914']
/files/hits/amul-hits-1918.jpg^India creates history – triumphs in mission ! – Sept’14^/files/hits/amul-hits-1918.jpg^Mangalkhaana^Mangalkhaana^[u'India creates history \u2013 triumphs in mission ! \u2013 Sept\u201914']
/files/hits/amul-hits-1917.jpg^Bollywood actress outraged by Media! – Sept’14^/files/hits/amul-hits-1917.jpg^Newspaperazzi?^Newspaperazzi?^[u'Bollywood actress outraged by Media! \u2013 Sept\u201914']
/files/hits/amul-hits-1916.jpg^Scotland remains part of U.K ! – Sept’14^/files/hits/amul-hits-1916.jpg^TRY SOME BUTTER, SCOTCH!^TRY SOME BUTTER, SCOTCH!^[u'Scotland remains part of U.K ! \u2013 Sept\u201914']
/files/hits/amul-hits-1914.jpg^Latest Bollywood film set in Goa- Sept’14.^/files/hits/amul-hits-1914.jpg^The fannytime, fannywhere snack!^The fannytime, fannywhere snack!^[u'Latest Bollywood film set in Goa- Sept\u201914.']
/files/hits/amul-hits-1915.jpg^Dhoni denied home-cooked food by hotel ! – Sept’14^/files/hits/amul-hits-1915.jpg^Biryanahin!^Biryanahin!^[u'Dhoni denied home-cooked food by hotel ! \u2013 Sept\u201914']
/files/hits/amul-hits-1913.jpg^Gujarati snacks for Chinese delegation – Sept’14^/files/hits/amul-hits-1913.jpg^Welcome to Undia !^Welcome to Undia !^[u'Gujarati snacks for Chinese delegation \u2013 Sept\u201914']
/files/hits/amul-hits-1912.jpg^Court judgment on the Blade Runner ! – Sept’14^/files/hits/amul-hits-1912.jpg^Mysterious Pistorius verdict ?^Mysterious Pistorius verdict ?^[u'Court judgment on the Blade Runner ! \u2013 Sept\u201914']
/files/hits/amul-hits-1911.jpg^Our armed forces’ valiant rescue operations ! – Sept’14^/files/hits/amul-hits-1911.jpg^Mission Koshishmir !^Mission Koshishmir !^[u'Our armed forces\u2019 valiant rescue operations ! \u2013 Sept\u201914']
/files/hits/amul-hits-1910.jpg^Biopic on Mary Kom-Sept’14.^/files/hits/amul-hits-1910.jpg^KOMBATANT !^KOMBATANT !^[u'Biopic on Mary Kom-Sept\u201914.']
/files/hits/amul-hits-1909.jpg^Homage to Dr.V.Kurien on his 2nd death anniversary – Sept’14^/files/hits/amul-hits-1909.jpg^Dr.Kurien's White Revolution Continues...^Dr.Kurien's White Revolution Continues...^[u'Homage to Dr.V.Kurien on his 2nd death anniversary \u2013 Sept\u201914']
/files/hits/amul-hits-1908.jpg^Popular song climbs the music charts- Sept14^/files/hits/amul-hits-1908.jpg^Popular song climbs the music charts- Sept14^Popular song climbs the music charts- Sept14^[u'Popular song climbs the music charts- Sept14']
/files/hits/amul-hits-1907.jpg^Popular rib-tickling TV show host ! – Sept’14^/files/hits/amul-hits-1907.jpg^He Kappeals to everybody !^He Kappeals to everybody !^[u'Popular rib-tickling TV show host ! \u2013 Sept\u201914']
/files/hits/amul-hits-1906.jpg^PM’s visit to the Land of the Rising Sun –Sept’14^/files/hits/amul-hits-1906.jpg^Talkyo, Japan.^Talkyo, Japan.^[u'PM\u2019s visit to the Land of the Rising Sun \u2013Sept\u201914']
/files/hits/amul-hits-1905.jpg^Virat’s failure being linked to love life ! – Aug’14^/files/hits/amul-hits-1905.jpg^KOHLi-PEEli ANUSHKA KO BLAME MAT KARO !^KOHLi-PEEli ANUSHKA KO BLAME MAT KARO !^[u'Virat\u2019s failure being linked to love life ! \u2013 Aug\u201914']
/files/hits/amul-hits-1904.jpg^The great director passes on - Aug'14^/files/hits/amul-hits-1904.jpg^In a gentle way you can shake the world - Gandhiji^In a gentle way you can shake the world - Gandhiji^[u"The great director passes on - Aug'14"]
/files/hits/amul-hits-1903.jpg^The ALS awareness drive –Aug’14^/files/hits/amul-hits-1903.jpg^Slice butter-it challenge !^Slice butter-it challenge !^[u'The ALS awareness drive \u2013Aug\u201914']
/files/hits/amul-hits-1902.jpg^Tribute to the legendary guru –Aug’14^/files/hits/amul-hits-1902.jpg^He made Yoga aasaan...^He made Yoga aasaan...^[u'Tribute to the legendary guru \u2013Aug\u201914']
/files/hits/amul-hits-1901.jpg^Farewell to the great Sri Lankan batsman! – Aug’14^/files/hits/amul-hits-1901.jpg^MaHaila Jayawardene !^MaHaila Jayawardene !^[u'Farewell to the great Sri Lankan batsman! \u2013 Aug\u201914']
/files/hits/amul-hits-1900.jpg^Time for a new Indian test captain?-Aug’14^/files/hits/amul-hits-1900.jpg^All MSD up ?^All MSD up ?^[u'Time for a new Indian test captain?-Aug\u201914']
/files/hits/amul-hits-1899.jpg^Protests over poster of forthcoming film.^/files/hits/amul-hits-1899.jpg^Khaa, PK jaana !^Khaa, PK jaana !^[u'Protests over poster of forthcoming film.']
/files/hits/amul-hits-1898.jpg^MPs object to Radio Jockeys! – Aug’14^/files/hits/amul-hits-1898.jpg^RJ Sabha ?^RJ Sabha ?^[u'MPs object to Radio Jockeys! \u2013 Aug\u201914']
/files/hits/amul-hits-1897.jpg^Farewell to the great comedian/actor –Aug’14^/files/hits/amul-hits-1897.jpg^Doubt extinguished his fire.^Doubt extinguished his fire.^[u'Farewell to the great comedian/actor \u2013Aug\u201914']
/files/hits/amul-hits-1896.jpg^Educational qualifications of minister in the news again !^/files/hits/amul-hits-1896.jpg^Yele University degree !^Yele University degree !^[u'Educational qualifications of minister in the news again !']
/files/hits/amul-hits-1895.jpg^India's disastrous show in England !^/files/hits/amul-hits-1895.jpg^Guest appearance or test appearance ?^Guest appearance or test appearance ?^[u"India's disastrous show in England !"]
/files/hits/amul-hits-1894.jpg^Plea for peace in Gaza –Aug’14^/files/hits/amul-hits-1894.jpg^Tell Aviv to stop !^Tell Aviv to stop !^[u'Plea for peace in Gaza \u2013Aug\u201914']
/files/hits/amul-hits-1893.jpg^Row over former minister's autobiography - Aug'14^/files/hits/amul-hits-1893.jpg^HE'S BECOME NATWARIOUS ?^HE'S BECOME NATWARIOUS ?^[u"Row over former minister's autobiography - Aug'14"]
/files/hits/amul-hits-1892.jpg^India’s outstanding performance ! – Aug’14^/files/hits/amul-hits-1892.jpg^COMMONWEALTH MEIN C'MON INDIA !^COMMONWEALTH MEIN C'MON INDIA !^[u'India\u2019s outstanding performance ! \u2013 Aug\u201914']
/files/hits/amul-hits-1891.jpg^Salman’s new blockbuster-July’14^/files/hits/amul-hits-1891.jpg^Maska laga Ke !^Maska laga Ke !^[u'Salman\u2019s new blockbuster-July\u201914']
/files/hits/amul-hits-1890.jpg^PKL gains prominence –July’14^/files/hits/amul-hits-1890.jpg^Kha, buddy, Kha, buddy, kha !^Kha, buddy, Kha, buddy, kha !^[u'PKL gains prominence \u2013July\u201914']
/files/hits/amul-hits-1889.jpg^MLA’s barb against Sania.-July’14^/files/hits/amul-hits-1889.jpg^Kiski marzi... Kiski Mirza ?^Kiski marzi... Kiski Mirza ?^[u'MLA\u2019s barb against Sania.-July\u201914']
/files/hits/amul-hits-1888.jpg^Amul girl supports & sponsors our CWG team – July’14^/files/hits/amul-hits-1888.jpg^Test of India. Best of India.^Test of India. Best of India.^[u'Amul girl supports & sponsors our CWG team \u2013 July\u201914']
/files/hits/amul-hits-1887.jpg^Historic win after 28 years ! – July’14^/files/hits/amul-hits-1887.jpg^Lords To Cheer About !^Lords To Cheer About !^[u'Historic win after 28 years ! \u2013 July\u201914']
/files/hits/amul-hits-1886.jpg^Who’ll protect our Mumbai firemen? – July’14^/files/hits/amul-hits-1886.jpg^Stop this jalta hai attitude !^Stop this jalta hai attitude !^[u'Who\u2019ll protect our Mumbai firemen? \u2013 July\u201914']
/files/hits/amul-hits-1884.jpg^All time leading goal scorer – July’14^/files/hits/amul-hits-1884.jpg^MAGNIFICENT KLOSE TO GREAT CAREER !^MAGNIFICENT KLOSE TO GREAT CAREER !^[u'All time leading goal scorer \u2013 July\u201914']
/files/hits/amul-hits-1885.jpg^Cricketer’s spat !^/files/hits/amul-hits-1885.jpg^ANGERSON VS JHAGDAJA !^ANGERSON VS JHAGDAJA !^[u'Cricketer\u2019s spat !']
/files/hits/amul-hits-1883.jpg^FIFA World Cup’s ultimate prize ! – July’14^/files/hits/amul-hits-1883.jpg^Everyone's Golden girl !^Everyone's Golden girl !^[u'FIFA World Cup\u2019s ultimate prize ! \u2013 July\u201914']
/files/hits/amul-hits-1882.jpg^FIFA World Cup winners ! – July’14^/files/hits/amul-hits-1882.jpg^Germania!^Germania!^[u'FIFA World Cup winners ! \u2013 July\u201914']
/files/hits/amul-hits-1881.jpg^Rahul Gandhi napping in Parliament ! – July’14^/files/hits/amul-hits-1881.jpg^DUTY SLEEP ?^DUTY SLEEP ?^[u'Rahul Gandhi napping in Parliament ! \u2013 July\u201914']
/files/hits/amul-hits-1879.jpg^Anticipating much needed relief! - July'14^/files/hits/amul-hits-1879.jpg^Budget utterly bujaitley delicious hoga?^Budget utterly bujaitley delicious hoga?^[u"Anticipating much needed relief! - July'14"]
/files/hits/amul-hits-1880.jpg^Brazil”s humiliating defeat ! – July’14^/files/hits/amul-hits-1880.jpg^ARRE O SAMBA , KITNE GOAL THHE ?^ARRE O SAMBA , KITNE GOAL THHE ?^[u'Brazil\u201ds humiliating defeat ! \u2013 July\u201914']
/files/hits/amul-hits-1878.jpg^Lax officiating breaks Brazil’s back – July’14^/files/hits/amul-hits-1878.jpg^REFREE - FOR - ALL !^REFREE - FOR - ALL !^[u'Lax officiating breaks Brazil\u2019s back \u2013 July\u201914']
/files/hits/amul-hits-1877.jpg^Tennis star hasn’t heard of God of cricket? – July’14^/files/hits/amul-hits-1877.jpg^Maria,Share - a - poha with Sachin !^Maria,Share - a - poha with Sachin !^[u'Tennis star hasn\u2019t heard of God of cricket? \u2013 July\u201914']
/files/hits/amul-hits-1876.jpg^The stars of FIFA 2014 ! – July’14^/files/hits/amul-hits-1876.jpg^TOH AB GOALIE ... KHA !^TOH AB GOALIE ... KHA !^[u'The stars of FIFA 2014 ! \u2013 July\u201914']
/files/hits/amul-hits-1875.jpg^Amjad Ali Khan reunited with his prized possession – July’14^/files/hits/amul-hits-1875.jpg^Kaun Banega Sarodpati ?^Kaun Banega Sarodpati ?^[u'Amjad Ali Khan reunited with his prized possession \u2013 July\u201914']
/files/hits/amul-hits-1874.jpg^Dutch footballer fakes dive! - July'14^/files/hits/amul-hits-1874.jpg^Daylight Robbenery?^Daylight Robbenery?^[u"Dutch footballer fakes dive! - July'14"]
/files/hits/amul-hits-1872.jpg^Uruguay striker uses his teeth! - June'14^/files/hits/amul-hits-1872.jpg^Kaata toh hai... ab chamach bhi mil jaye!^Kaata toh hai... ab chamach bhi mil jaye!^[u"Uruguay striker uses his teeth! - June'14"]
/files/hits/amul-hits-1873.jpg^Leading goal scorer – Rodriguez –June’14^/files/hits/amul-hits-1873.jpg^James sandwich ? Add maska !^James sandwich ? Add maska !^[u'Leading goal scorer \u2013 Rodriguez \u2013June\u201914']
/files/hits/amul-hits-1871.jpg^Uruguay striker uses his teeth! - June'14^/files/hits/amul-hits-1871.jpg^Canniball!^Canniball!^[u"Uruguay striker uses his teeth! - June'14"]
/files/hits/amul-hits-1870.jpg^Partial rollback of rail fares – June’14^/files/hits/amul-hits-1870.jpg^Pass fail hua ?^Pass fail hua ?^[u'Partial rollback of rail fares \u2013 June\u201914']
/files/hits/amul-hits-1868.jpg^Brazilian star excels!^/files/hits/amul-hits-1868.jpg^NEYMAR ,  yeh maar !^NEYMAR ,  yeh maar !^[u'Brazilian star excels!']
/files/hits/amul-hits-1869.jpg^Heat wave continues June’14^/files/hits/amul-hits-1869.jpg^MAUSAM BAADAL DO !^MAUSAM BAADAL DO !^[u'Heat wave continues June\u201914']
/files/hits/amul-hits-1867.jpg^World's leading magazine highlights the goodness of milk-fat –June’14^/files/hits/amul-hits-1867.jpg^TIME TO EAT BUTTER !^TIME TO EAT BUTTER !^[u"World's leading magazine highlights the goodness of milk-fat \u2013June\u201914"]
/files/hits/amul-hits-1866.jpg^Reign of Spain ends – June’14^/files/hits/amul-hits-1866.jpg^Tiki - Taka NAHIN Tikka ?^Tiki - Taka NAHIN Tikka ?^[u'Reign of Spain ends \u2013 June\u201914']
/files/hits/amul-hits-1865.jpg^Portugese player’s aggro behaviour ! – June’14^/files/hits/amul-hits-1865.jpg^A HEAVY PRICE TO PEPE !^A HEAVY PRICE TO PEPE !^[u'Portugese player\u2019s aggro behaviour ! \u2013 June\u201914']
/files/hits/amul-hits-1864.jpg^Formula 1 legend recovers miraculously –June’14^/files/hits/amul-hits-1864.jpg^Mikamaal Schumacher !^Mikamaal Schumacher !^[u'Formula 1 legend recovers miraculously \u2013June\u201914']
/files/hits/amul-hits-1863.jpg^The Zinta-Wadia controversy - June '14^/files/hits/amul-hits-1863.jpg^A PREITY NESSY AFFAIR?^A PREITY NESSY AFFAIR?^[u"The Zinta-Wadia controversy - June '14"]
/files/hits/amul-hits-1862.jpg^Persie helps Netherlands thrash Spain!^/files/hits/amul-hits-1862.jpg^DUTCH KE REHNA RE BABA!^DUTCH KE REHNA RE BABA!^[u'Persie helps Netherlands thrash Spain!']
/files/hits/amul-hits-1861.jpg^FIFA fever begins….^/files/hits/amul-hits-1861.jpg^SAO PAO LAO !^SAO PAO LAO !^[u'FIFA fever begins\u2026.']
/files/hits/amul-hits-1860.jpg^Swanky new rail service. –June’14^/files/hits/amul-hits-1860.jpg^MUMBAI MAT-RO! IT'S FINALLY HERE !^MUMBAI MAT-RO! IT'S FINALLY HERE !^[u'Swanky new rail service. \u2013June\u201914']
/files/hits/amul-hits-1859.jpg^French Open winner June’14.^/files/hits/amul-hits-1859.jpg^SHARE A PAV ? AUR DAL,NADAL!^SHARE A PAV ? AUR DAL,NADAL!^[u'French Open winner June\u201914.']
/files/hits/amul-hits-1858.jpg^Seeking communal harmony in Pune-June’14.^/files/hits/amul-hits-1858.jpg^Spread Amulity , not enmity!^Spread Amulity , not enmity!^[u'Seeking communal harmony in Pune-June\u201914.']
/files/hits/amul-hits-1857.jpg^Sensex crosses 25,000 ! - June'14^/files/hits/amul-hits-1857.jpg^Dalals' Treat !^Dalals' Treat !^[u"Sensex crosses 25,000 ! - June'14"]
/files/hits/amul-hits-1855.jpg^Formation of 29 th state.-June’14^/files/hits/amul-hits-1855.jpg^Telanbangaya^Telanbangaya^[u'Formation of 29 th state.-June\u201914']
/files/hits/amul-hits-1856.jpg^Mumbai roads in a mess.-June’14^/files/hits/amul-hits-1856.jpg^RUKAVAT KE LIYE KHADDA HAI !^RUKAVAT KE LIYE KHADDA HAI !^[u'Mumbai roads in a mess.-June\u201914']
/files/hits/amul-hits-1854.jpg^Champions of IPL 7.-June’14^/files/hits/amul-hits-1854.jpg^Munh mein ghee shaKKR aur makhan !^Munh mein ghee shaKKR aur makhan !^[u'Champions of IPL 7.-June\u201914']
/files/hits/amul-hits-1853.jpg^HRD minister’s educational qualifications.-May’14^/files/hits/amul-hits-1853.jpg^Smriti's hairani at criticism ?^Smriti's hairani at criticism ?^[u'HRD minister\u2019s educational qualifications.-May\u201914']
/files/hits/amul-hits-1852.jpg^Can MI win tonight? – May’14^/files/hits/amul-hits-1852.jpg^ENCOREY NEEDED ?^ENCOREY NEEDED ?^[u'Can MI win tonight? \u2013 May\u201914']
/files/hits/amul-hits-1851.jpg^End of the road for the car - May '14^/files/hits/amul-hits-1851.jpg^Ambas-sadder!^Ambas-sadder!^[u"End of the road for the car - May '14"]
/files/hits/amul-hits-1850.jpg^Modi’s swearing-in ceremony.- May’14^/files/hits/amul-hits-1850.jpg^Bharatiya SAARCar!^Bharatiya SAARCar!^[u'Modi\u2019s swearing-in ceremony.- May\u201914']
/files/hits/amul-hits-1849.jpg^Kejriwal refuses to pay bail bond ! – May’14^/files/hits/amul-hits-1849.jpg^Aa bail mujhe maar !^Aa bail mujhe maar !^[u'Kejriwal refuses to pay bail bond ! \u2013 May\u201914']
/files/hits/amul-hits-1848.jpg^Largest dinosaur remains unearthed.^/files/hits/amul-hits-1848.jpg^Bitin with a Titan !^Bitin with a Titan !^[u'Largest dinosaur remains unearthed.']
/files/hits/amul-hits-1847.jpg^New era in Indian politics - May '14^/files/hits/amul-hits-1847.jpg^Accha din-ner aaya hai!^Accha din-ner aaya hai!^[u"New era in Indian politics - May '14"]
/files/hits/amul-hits-1846.jpg^Heart warming film – Hawaa Hawaai – May’14^/files/hits/amul-hits-1846.jpg^Have A...Have AAI...SOME MASKA !^Have A...Have AAI...SOME MASKA !^[u'Heart warming film \u2013 Hawaa Hawaai \u2013 May\u201914']
/files/hits/amul-hits-1845.jpg^Modi’s landslide victory!^/files/hits/amul-hits-1845.jpg^AB KI BAR,BHAJAP SWEEKAR !^AB KI BAR,BHAJAP SWEEKAR !^[u'Modi\u2019s landslide victory!']
/files/hits/amul-hits-1844.jpg^Smooth functioning of polls….-May’14^/files/hits/amul-hits-1844.jpg^Election ka mission safal !^Election ka mission safal !^[u'Smooth functioning of polls\u2026.-May\u201914']
/files/hits/amul-hits-1843.jpg^Ban on KKR owner to be lifted?-May’14^/files/hits/amul-hits-1843.jpg^YesRK or no final?^YesRK or no final?^[u'Ban on KKR owner to be lifted?-May\u201914']
/files/hits/amul-hits-1842.jpg^The nation elects its winner ! – May’14^/files/hits/amul-hits-1842.jpg^Poll Prediction : total addiction !^Poll Prediction : total addiction !^[u'The nation elects its winner ! \u2013 May\u201914']
/files/hits/amul-hits-1840.jpg^Federer adds to his family - May '14^/files/hits/amul-hits-1840.jpg^GAME, 2 SETS ...  BOTH MATCH!^GAME, 2 SETS ...  BOTH MATCH!^[u"Federer adds to his family - May '14"]
/files/hits/amul-hits-1839.jpg^Starc & Pollard in ugly spat!^/files/hits/amul-hits-1839.jpg^BRAT AND BRAWL!^BRAT AND BRAWL!^[u'Starc & Pollard in ugly spat!']
/files/hits/amul-hits-1838.jpg^The Superhero returns^/files/hits/amul-hits-1838.jpg^Corn On The CobWeb? Eat With Maska!^Corn On The CobWeb? Eat With Maska!^[u'The Superhero returns']
/files/hits/amul-hits-1837.jpg^South superstar’s much awaited film & twitter presence.^/files/hits/amul-hits-1837.jpg^KUCHHDIVINE BUTTER KHAO!^KUCHHDIVINE BUTTER KHAO!^[u'South superstar\u2019s much awaited film & twitter presence.']
/files/hits/amul-hits-1836.jpg^Pak pace bowler’s unusual accent^/files/hits/amul-hits-1836.jpg^KYA SHOAIBD BOL BAHA HAI ?^KYA SHOAIBD BOL BAHA HAI ?^[u'Pak pace bowler\u2019s unusual accent']
/files/hits/amul-hits-1835.jpg^Dismal performance by Mumbai Indians^/files/hits/amul-hits-1835.jpg^We want Ro hit not No hit!^We want Ro hit not No hit!^[u'Dismal performance by Mumbai Indians']
/files/hits/amul-hits-1834.jpg^IPL’s most spectacular dismissal !^/files/hits/amul-hits-1834.jpg^CATCHES LYNN MATCHES!^CATCHES LYNN MATCHES!^[u'IPL\u2019s most spectacular dismissal !']
/files/hits/amul-hits-1833.jpg^Big hitting Kings XI Punjab batsman explodes!^/files/hits/amul-hits-1833.jpg^Glenn smacks well!^Glenn smacks well!^[u'Big hitting Kings XI Punjab batsman explodes!']
/files/hits/amul-hits-1832.jpg^Much awaited Adi-Rani wedding !^/files/hits/amul-hits-1832.jpg^Dilwaale dulhaniya finally le jayenge!^Dilwaale dulhaniya finally le jayenge!^[u'Much awaited Adi-Rani wedding !']
/files/hits/amul-hits-1831.jpg^Bollywood release - 2 states.^/files/hits/amul-hits-1831.jpg^2 TASTES^2 TASTES^[u'Bollywood release - 2 states.']
/files/hits/amul-hits-1830.jpg^Tribute to the great writer, Garcia Marquez.^/files/hits/amul-hits-1830.jpg^Magic Gabrielism^Magic Gabrielism^[u'Tribute to the great writer, Garcia Marquez.']
/files/hits/amul-hits-1829.jpg^Supreme Court recognizes third gender - Apr.'14^/files/hits/amul-hits-1829.jpg^Bridging the genderation gap!^Bridging the genderation gap!^[u"Supreme Court recognizes third gender - Apr.'14"]
/files/hits/amul-hits-1828.jpg^IPL 7 kicks off !^/files/hits/amul-hits-1828.jpg^IPL 7 kicks off !^IPL 7 kicks off !^[u'IPL 7 kicks off !']
/files/hits/amul-hits-1827.jpg^Gulzar bestowed with Dadasaheb Phalke award.^/files/hits/amul-hits-1827.jpg^Dil dhoondhta hai... woh mil gaya !^Dil dhoondhta hai... woh mil gaya !^[u'Gulzar bestowed with Dadasaheb Phalke award.']
/files/hits/amul-hits-1826.jpg^Cult TV series – Game of Thrones^/files/hits/amul-hits-1826.jpg^House Butteratheon^House Butteratheon^[u'Cult TV series \u2013 Game of Thrones']
/files/hits/amul-hits-1825.jpg^Farewell Archie Andrews !^/files/hits/amul-hits-1825.jpg^Comic Strip^Comic Strip^[u'Farewell Archie Andrews !']
/files/hits/amul-hits-1824.jpg^Star all rounder under fire - Apr.'14^/files/hits/amul-hits-1824.jpg^Where's the Yu, Vi used to know?^Where's the Yu, Vi used to know?^[u"Star all rounder under fire - Apr.'14"]
/files/hits/amul-hits-1823.jpg^Russia wants the state back!^/files/hits/amul-hits-1823.jpg^FORGET ALASKA,GET AMASKA!^FORGET ALASKA,GET AMASKA!^[u'Russia wants the state back!']
/files/hits/amul-hits-1822.jpg^Bus strike paralyses Mumbai^/files/hits/amul-hits-1822.jpg^BEST^BEST^[u'Bus strike paralyses Mumbai']
/files/hits/amul-hits-1821.jpg^Pressure on employees to bail out chief - April '14^/files/hits/amul-hits-1821.jpg^BESAHARA PARIVAR ?^BESAHARA PARIVAR ?^[u"Pressure on employees to bail out chief - April '14"]
/files/hits/amul-hits-1820.jpg^Gavaskar appointed interim BCCI chief.^/files/hits/amul-hits-1820.jpg^Sunny Side up!^Sunny Side up!^[u'Gavaskar appointed interim BCCI chief.']
/files/hits/amul-hits-1819.jpg^Forget AK 47 & AK 49, have the real AK!^/files/hits/amul-hits-1819.jpg^AK Mathlab Amul Khaana!^AK Mathlab Amul Khaana!^[u'Forget AK 47 & AK 49, have the real AK!']
/files/hits/amul-hits-1818.jpg^BCCI President refuses to step down !^/files/hits/amul-hits-1818.jpg^N.Sharmnivasan?^N.Sharmnivasan?^[u'BCCI President refuses to step down !']
/files/hits/amul-hits-1817.jpg^The once neglected leg spinner excels!^/files/hits/amul-hits-1817.jpg^Why was Amit Mistreated?^Why was Amit Mistreated?^[u'The once neglected leg spinner excels!']
/files/hits/amul-hits-1816.jpg^Speedy justice for rape cases - Mar.'14^/files/hits/amul-hits-1816.jpg^Insaaf Shakti se Milla!^Insaaf Shakti se Milla!^[u"Speedy justice for rape cases - Mar.'14"]
/files/hits/amul-hits-1815.jpg^Tribute to a great journalist & novelist - Mar.'14^/files/hits/amul-hits-1815.jpg^Always Khush! Always wanted!^Always Khush! Always wanted!^[u"Tribute to a great journalist & novelist - Mar.'14"]
/files/hits/amul-hits-1814.jpg^India skipper sues TV channels.^/files/hits/amul-hits-1814.jpg^BaZee kaun jeetega?^BaZee kaun jeetega?^[u'India skipper sues TV channels.']
/files/hits/amul-hits-1813.jpg^Crimea votes to split from Ukraine & join Russia^/files/hits/amul-hits-1813.jpg^CRIMEA AND PUNISHMENT?^CRIMEA AND PUNISHMENT?^[u'Crimea votes to split from Ukraine & join Russia']
/files/hits/amul-hits-1812.jpg^Duncan Fletcher under the scanner !^/files/hits/amul-hits-1812.jpg^Slow Coach?^Slow Coach?^[u'Duncan Fletcher under the scanner !']
/files/hits/amul-hits-1811.jpg^Where is Flight MH 307?^/files/hits/amul-hits-1811.jpg^On the wings of a prayer...^On the wings of a prayer...^[u'Where is Flight MH 307?']
/files/hits/amul-hits-1810.jpg^Kangana shines -  Mar.'14^/files/hits/amul-hits-1810.jpg^Ran aut and get maska !^Ran aut and get maska !^[u"Kangana shines -  Mar.'14"]
/files/hits/amul-hits-1809.jpg^The new weapon of the common man^/files/hits/amul-hits-1809.jpg^The new weapon of the common man^The new weapon of the common man^[u'The new weapon of the common man']
/files/hits/amul-hits-1808.jpg^Ukraine-Russia tensions^/files/hits/amul-hits-1808.jpg^Ukrave for maska?Rush ya^Ukrave for maska?Rush ya^[u'Ukraine-Russia tensions']
/files/hits/amul-hits-1807.jpg^High Court stay on Bollywood film^/files/hits/amul-hits-1807.jpg^Gang Ab Gul^Gang Ab Gul^[u'High Court stay on Bollywood film']
/files/hits/amul-hits-1806.jpg^Oscar host’s ‘selfie’ breaks Twitter record!^/files/hits/amul-hits-1806.jpg^Tweat Degenerously^Tweat Degenerously^[u'Oscar host\u2019s \u2018selfie\u2019 breaks Twitter record!']
/files/hits/amul-hits-1805.jpg^86th Academy Awards^/files/hits/amul-hits-1805.jpg^Matthew Makhaney^Matthew Makhaney^[u'86th Academy Awards']
/files/hits/amul-hits-1804.jpg^Social crusader backs West Bengal CM.^/files/hits/amul-hits-1804.jpg^Mamata ke liye Anna Haazir - hai^Mamata ke liye Anna Haazir - hai^[u'Social crusader backs West Bengal CM.']
/files/hits/amul-hits-1803.jpg^Sahara chief surrenders^/files/hits/amul-hits-1803.jpg^Adaalat se majboor^Adaalat se majboor^[u'Sahara chief surrenders']
/files/hits/amul-hits-1802.jpg^RJD faces rebellion^/files/hits/amul-hits-1802.jpg^Aanewala Dal jaane waala hai^Aanewala Dal jaane waala hai^[u'RJD faces rebellion']
/files/hits/amul-hits-1801.jpg^Mark Zuckerberg buys Whatsapp.^/files/hits/amul-hits-1801.jpg^Fb boughtsapp!^Fb boughtsapp!^[u'Mark Zuckerberg buys Whatsapp.']
/files/hits/amul-hits-1800.jpg^Rakesh Maria - Mumbai's new Police Commissioner - Feb.'14^/files/hits/amul-hits-1800.jpg^BOM BOM BOM BOM,  BOMBAY MARIA HAI!^BOM BOM BOM BOM,  BOMBAY MARIA HAI!^[u"Rakesh Maria - Mumbai's new Police Commissioner - Feb.'14"]
/files/hits/amul-hits-1799.jpg^Telangana Bill passed in Lok Sabha^/files/hits/amul-hits-1799.jpg^Andhera Pradesh!^Andhera Pradesh!^[u'Telangana Bill passed in Lok Sabha']
/files/hits/amul-hits-1798.jpg^UK floods wreak havoc^/files/hits/amul-hits-1798.jpg^London unDone?^London unDone?^[u'UK floods wreak havoc']
/files/hits/amul-hits-1797.jpg^UPA’s farewell budget.^/files/hits/amul-hits-1797.jpg^The Perfect Interim Meal!^The Perfect Interim Meal!^[u'UPA\u2019s farewell budget.']
/files/hits/amul-hits-1796.jpg^US Ambassador meets Gujarat CM.^/files/hits/amul-hits-1796.jpg^From NaMo to YaMo!^From NaMo to YaMo!^[u'US Ambassador meets Gujarat CM.']
/files/hits/amul-hits-1795.jpg^Parliament peppered.^/files/hits/amul-hits-1795.jpg^Let's spray for our country^Let's spray for our country^[u'Parliament peppered.']
/files/hits/amul-hits-1794.jpg^Publishers pulp book on Hinduism.-Feb’13^/files/hits/amul-hits-1794.jpg^Sword is mightier than the Penguin?^Sword is mightier than the Penguin?^[u'Publishers pulp book on Hinduism.-Feb\u201913']
/files/hits/amul-hits-1793.jpg^Srinivasan new ICC head.^/files/hits/amul-hits-1793.jpg^India Cements Position in ICC^India Cements Position in ICC^[u'Srinivasan new ICC head.']
/files/hits/amul-hits-1792.jpg^Farewell Maruti 800.^/files/hits/amul-hits-1792.jpg^Ruk jaana nahin^Ruk jaana nahin^[u'Farewell Maruti 800.']
/files/hits/amul-hits-1790.jpg^Star England batsman sacked.^/files/hits/amul-hits-1790.jpg^Dont Cave in,Pietersen^Dont Cave in,Pietersen^[u'Star England batsman sacked.']
/files/hits/amul-hits-1791.jpg^Music director joins politics.^/files/hits/amul-hits-1791.jpg^Bhajappida^Bhajappida^[u'Music director joins politics.']
/files/hits/amul-hits-1789.jpg^Mumbai’s new monorail.^/files/hits/amul-hits-1789.jpg^MONORANJAN FOR ALL!^MONORANJAN FOR ALL!^[u'Mumbai\u2019s new monorail.']
/files/hits/amul-hits-1788.jpg^Microsoft’s new CEO^/files/hits/amul-hits-1788.jpg^Insatyable Appetite? Have High.Tea!^Insatyable Appetite? Have High.Tea!^[u'Microsoft\u2019s new CEO']
/files/hits/amul-hits-1787.jpg^Two Indians in fray for Microsoft top slot^/files/hits/amul-hits-1787.jpg^IT mein mighty kaun hai!^IT mein mighty kaun hai!^[u'Two Indians in fray for Microsoft top slot']
/files/hits/amul-hits-1786.jpg^Special treatment to MPs by airlines - Jan.'14^/files/hits/amul-hits-1786.jpg^Plane Arrogance!^Plane Arrogance!^[u"Special treatment to MPs by airlines - Jan.'14"]
/files/hits/amul-hits-1785.jpg^The loss of a great actor^/files/hits/amul-hits-1785.jpg^WISH WE COULD SEYMOUR OF YOUR TALENT!^WISH WE COULD SEYMOUR OF YOUR TALENT!^[u'The loss of a great actor']
/files/hits/amul-hits-1784.jpg^The DMK saga - Jan'14^/files/hits/amul-hits-1784.jpg^No Karuna For Him?^No Karuna For Him?^[u"The DMK saga - Jan'14"]
/files/hits/amul-hits-1783.jpg^Vandalizing of booths in Maharashtra^/files/hits/amul-hits-1783.jpg^TOLL PHOD?^TOLL PHOD?^[u'Vandalizing of booths in Maharashtra']
/files/hits/amul-hits-1782.jpg^The political leader’s first T.V. interview^/files/hits/amul-hits-1782.jpg^NAJAWAB INTERVIEW?^NAJAWAB INTERVIEW?^[u'The political leader\u2019s first T.V. interview']
/files/hits/amul-hits-1781.jpg^NZ’s star all rounder Corey Anderson !^/files/hits/amul-hits-1781.jpg^Big Gorey a big worry!^Big Gorey a big worry!^[u'NZ\u2019s star all rounder Corey Anderson !']
/files/hits/amul-hits-1780.jpg^Can Stanislas Wawrinka win the Aus Open?^/files/hits/amul-hits-1780.jpg^Stanislice^Stanislice^[u'Can Stanislas Wawrinka win the Aus Open?']
/files/hits/amul-hits-1779.jpg^Mumbai’s swanky Terminal 2^/files/hits/amul-hits-1779.jpg^Hawai Mahal!^Hawai Mahal!^[u'Mumbai\u2019s swanky Terminal 2']
/files/hits/amul-hits-1778.jpg^AAP minister involved in raid^/files/hits/amul-hits-1778.jpg^Breaking Bharti Laws?^Breaking Bharti Laws?^[u'AAP minister involved in raid']
/files/hits/amul-hits-1777.jpg^Mumbai’s accident ridden stations^/files/hits/amul-hits-1777.jpg^Chook Chook gaadi^Chook Chook gaadi^[u'Mumbai\u2019s accident ridden stations']
/files/hits/amul-hits-1776.jpg^Bonding on Makar Sankranti^/files/hits/amul-hits-1776.jpg^Kaun kiski pataang kheech raha hai^Kaun kiski pataang kheech raha hai^[u'Bonding on Makar Sankranti']
/files/hits/amul-hits-1775.jpg^Cold wave across India - Jan.'14^/files/hits/amul-hits-1775.jpg^Kambaal ki thandi!^Kambaal ki thandi!^[u"Cold wave across India - Jan.'14"]
/files/hits/amul-hits-1774.jpg^Terrible state of Mumbai roads^/files/hits/amul-hits-1774.jpg^Terrible state of Mumbai roads^Terrible state of Mumbai roads^[u'Terrible state of Mumbai roads']
/files/hits/amul-hits-1773.jpg^TV show Sherlock causes sensation.^/files/hits/amul-hits-1773.jpg^BAKER'S TREAT IN HOLMES EVERY WHERE^BAKER'S TREAT IN HOLMES EVERY WHERE^[u'TV show Sherlock causes sensation.']
/files/hits/amul-hits-1772.jpg^Priyanka Gandhi set to join active politics?^/files/hits/amul-hits-1772.jpg^WILL BETI BE BETTER?^WILL BETI BE BETTER?^[u'Priyanka Gandhi set to join active politics?']
/files/hits/amul-hits-1771.jpg^Wishing Michael Schumacher a speedy recovery^/files/hits/amul-hits-1771.jpg^C'MON SCHUMI! THE RACE HAS JUST BEGUN!^C'MON SCHUMI! THE RACE HAS JUST BEGUN!^[u'Wishing Michael Schumacher a speedy recovery']
/files/hits/amul-hits-1770.jpg^Aam janata joins Aam Aadmi Party - Jan.'14^/files/hits/amul-hits-1770.jpg^Naye daur mein likhenge milke nayi kahani!^Naye daur mein likhenge milke nayi kahani!^[u"Aam janata joins Aam Aadmi Party - Jan.'14"]
/files/hits/amul-hits-1769.jpg^Bollywood's block buster in 3D - Jan.'14^/files/hits/amul-hits-1769.jpg^3D Mein Show Le!^3D Mein Show Le!^[u"Bollywood's block buster in 3D - Jan.'14"]
/files/hits/amul-hits-1768.jpg^Highrise Adarsh scam under scanner again^/files/hits/amul-hits-1768.jpg^View from the Adar side?^View from the Adar side?^[u'Highrise Adarsh scam under scanner again']
